Ano;Fonte;ACIDTRAB;ALTCAUSA;APGAR1;APGAR5;ASSISTMED;ATESTADO;ATESTANTE;CAUSABAS;CAUSABAS_O;CAUSAMAT;CB_ALT;CB_PRE;CIRCOBITO;CIRURGIA;CODANOMAL;CODCART;CODESTAB;CODIFICADO;CODMUNCART;CODMUNNASC;CODMUNNATU;CODMUNOCOR;CODMUNRES;CODOCUPMAE;CODPAISRES;CODUFNATU;COMUNSVOIM;CONSPRENAT;CONSULTAS;CONTADOR;DIFDATA;DTATESTADO;DTCADASTRO;DTCADINF;DTCADINV;DTCONCASO;DTCONINV;DTDECLARAC;DTINVESTIG;DTNASC;DTNASCMAE;DTOBITO;DTRECEBIM;DTRECORIG;DTRECORIGA;DTREGCART;DTULTMENST;ESC;ESC2010;ESCFALAGR1;ESCMAE;ESCMAE2010;ESCMAEAGR1;ESTABDESCR;ESTCIV;ESTCIVMAE;EXAME;FONTE;FONTEINV;FONTES;FONTESINF;GESTACAO;GRAVIDEZ;HORANASC;HORAOBITO;IDADE;IDADEMAE;IDADEPAI;IDANOMAL;KOTELCHUCK;LINHAA;LINHAB;LINHAC;LINHAD;LINHAII;LOCNASC;LOCOCOR;MESPRENAT;MORTEPARTO;NATURAL;NATURALMAE;NECROPSIA;NUDIASINF;NUDIASOBCO;NUDIASOBIN;NUMEROLOTE;NUMREGCART;OBITOGRAV;OBITOPARTO;OBITOPUERP;OCUP;OCUPMAE;OPORT_DN;OPOR_DO;ORIGEM;PARIDADE;PARTO;PESO;QTDFILMORT;QTDFILVIVO;QTDGESTANT;QTDPARTCES;QTDPARTNOR;RACACOR;RACACORMAE;RACACORN;SEMAGESTAC;SERIESCFAL;SERIESCMAE;SEXO;STCESPARTO;STCODIFICA;STDNEPIDEM;STDNNOVA;STDOEPIDEM;STDONOVA;STTRABPART;TIPOBITO;TPAPRESENT;TPDOCRESP;TPFUNCRESP;TPMETESTIM;TPMORTEOCO;TPNASCASSI;TPNIVELINV;TPOBITOCOR;TPPOS;TPRESGINFO;TPROBSON;TP_ALTERA;VERSAOSCB;VERSAOSIST
2013;SIM;True;False;False;False;True;False;True;True;True;True;False;False;True;True;False;False;True;False;True;False;False;True;True;False;False;False;True;False;False;True;True;True;True;True;True;True;True;False;True;True;False;True;True;True;False;True;False;True;True;False;True;True;False;False;True;False;True;True;True;False;False;True;True;False;True;True;True;False;False;False;True;True;True;True;True;False;True;False;True;True;False;True;False;False;True;False;True;True;True;True;True;True;False;False;True;False;True;True;True;True;False;False;False;True;False;False;True;True;True;True;False;False;False;False;True;True;False;True;False;False;False;False;True;False;False;True;True;False;False;False;False;False
2014;SIM;True;True;False;False;True;True;True;True;True;True;False;True;True;True;False;False;True;True;False;False;True;True;True;False;False;False;True;False;False;True;True;True;True;True;True;True;True;False;True;True;False;True;True;False;True;False;False;True;True;True;True;True;True;True;True;False;True;True;True;True;True;True;True;False;True;True;True;False;False;False;True;True;True;True;True;False;True;False;True;True;False;True;True;True;True;True;False;True;True;True;True;True;False;False;True;False;True;True;True;True;False;False;False;True;False;False;True;True;True;True;False;True;False;False;True;True;False;True;False;False;False;False;True;False;True;True;True;True;False;False;True;True
2015;SIM;True;True;False;False;True;True;True;True;True;True;False;True;True;True;False;False;True;True;False;False;True;True;True;False;False;False;True;False;False;True;True;True;True;True;True;True;True;False;True;True;False;True;True;False;True;False;False;True;True;True;True;True;True;True;True;False;True;True;True;True;True;True;True;False;True;True;True;False;False;False;True;True;True;True;True;False;True;False;True;True;False;True;True;True;True;True;False;True;True;True;True;True;False;False;True;False;True;True;True;True;False;False;False;True;False;False;True;True;True;True;False;True;False;False;True;True;False;True;False;False;False;False;True;False;True;True;True;True;False;False;True;True
2016;SIM;True;True;False;False;True;True;True;True;True;True;False;True;True;True;False;False;True;True;False;False;True;True;True;False;False;False;True;False;False;True;True;True;True;True;True;True;True;False;True;True;False;True;True;False;True;False;False;True;True;True;True;True;True;True;True;False;True;True;True;True;True;True;True;False;True;True;True;False;False;False;True;True;True;True;True;False;True;False;True;True;False;True;True;True;True;True;False;True;True;True;True;True;False;False;True;False;True;True;True;True;False;False;False;True;False;False;True;True;True;True;False;True;False;False;True;True;False;True;False;False;False;False;True;False;True;True;True;True;False;False;True;True
2017;SIM;True;True;False;False;True;True;True;True;True;True;False;True;True;True;False;False;True;True;False;False;True;True;True;False;False;False;True;False;False;True;True;True;True;True;True;True;True;False;True;True;False;True;True;False;True;False;False;True;True;True;True;True;True;True;True;False;True;True;True;True;True;True;True;False;True;True;True;False;False;False;True;True;True;True;True;False;True;False;True;True;False;True;True;True;True;True;False;True;True;True;True;True;False;False;True;False;True;True;True;True;False;False;False;True;False;False;True;True;True;True;False;True;False;False;True;True;False;True;False;False;False;False;True;False;True;True;True;True;False;False;True;True
2018;SIM;True;True;False;False;True;True;True;True;True;True;False;True;True;True;False;False;True;True;False;False;True;True;True;False;False;False;True;False;False;True;True;True;True;True;True;True;True;False;True;True;False;True;True;False;True;False;False;True;True;True;True;True;True;True;True;False;True;True;True;True;True;True;True;False;True;True;True;False;False;False;True;True;True;True;True;False;True;False;True;True;False;True;True;True;True;True;False;True;True;True;True;True;False;False;True;False;True;True;True;True;False;False;False;True;False;False;True;True;True;True;False;True;False;False;True;True;False;True;False;False;False;False;True;False;True;True;True;True;False;False;True;True
2019;SIM;True;True;False;False;True;True;True;True;True;True;False;True;True;True;False;False;True;True;False;False;True;True;True;False;False;False;True;False;False;True;True;True;True;True;True;True;True;False;True;True;False;True;True;False;True;False;False;True;True;True;True;True;True;True;True;False;True;True;True;True;True;True;True;False;True;True;True;False;False;False;True;True;True;True;True;False;True;False;True;True;False;True;True;True;True;True;False;True;True;True;True;True;False;False;True;False;True;True;True;True;False;False;False;True;False;False;True;True;True;True;False;True;False;False;True;True;False;True;False;False;False;False;True;False;True;True;True;True;False;False;True;True
2020;SIM;True;True;False;False;True;True;True;True;True;True;False;True;True;True;False;False;True;True;False;False;True;True;True;False;False;False;True;False;False;True;True;True;True;True;True;True;True;False;True;True;False;True;True;False;True;False;False;True;True;True;True;True;True;True;True;False;True;True;True;True;True;True;True;False;True;True;True;False;False;False;True;True;True;True;True;False;True;False;True;True;False;True;True;True;True;True;False;True;True;True;True;True;False;False;True;False;True;True;True;True;False;False;False;True;False;False;True;True;True;True;False;True;False;False;True;True;False;True;False;False;False;False;True;False;True;True;True;True;False;False;True;True
2021;SIM;True;True;False;False;True;True;True;True;True;True;False;True;True;True;False;False;True;True;False;False;True;True;True;False;False;False;True;False;False;True;True;True;True;True;True;True;True;False;True;True;False;True;True;False;True;False;False;True;True;True;True;True;True;True;True;False;True;True;True;True;True;True;True;False;True;True;True;False;False;False;True;True;True;True;True;False;True;False;True;True;False;True;True;True;True;True;False;True;True;True;True;True;False;False;True;False;True;True;True;True;False;False;False;True;False;False;True;True;True;True;False;True;False;False;True;True;False;True;False;False;False;False;True;False;True;True;True;True;False;False;True;True
2022;SIM;True;True;False;False;True;True;True;True;True;True;False;True;True;True;False;False;True;True;False;False;True;True;True;False;False;False;True;False;False;True;True;True;True;True;True;True;True;False;True;True;False;True;True;False;True;False;False;True;True;True;True;True;True;True;True;False;True;True;True;True;True;True;True;False;True;True;True;False;False;False;True;True;True;True;True;False;True;False;True;True;False;True;True;True;True;True;False;True;True;True;True;True;False;False;True;False;True;True;True;True;False;False;False;True;False;False;True;True;True;True;False;True;False;False;True;True;False;True;False;False;False;False;True;False;True;True;True;True;False;False;True;True
2023;SIM;True;True;False;False;True;True;True;True;True;True;True;True;True;True;False;False;True;True;False;False;True;True;True;False;False;False;True;False;False;True;True;True;True;True;True;True;True;False;True;True;False;True;True;False;True;False;False;True;True;True;True;True;True;False;True;False;True;True;True;True;False;True;True;False;True;True;True;False;False;False;True;True;True;True;True;False;True;False;True;True;False;True;False;True;False;True;False;True;True;True;True;True;False;True;True;False;True;True;True;True;False;False;False;True;False;False;True;True;True;True;False;True;False;False;True;True;False;True;False;False;False;False;True;False;True;True;True;True;False;True;True;True
2013;SINASC;False;False;True;True;False;False;False;False;False;False;False;False;False;False;True;True;True;False;True;True;True;False;True;True;True;True;False;False;True;True;True;False;True;False;False;False;False;False;False;True;True;False;True;True;False;True;True;False;False;False;True;True;True;False;False;True;False;False;False;False;False;True;True;True;False;False;True;True;True;False;False;False;False;False;False;True;False;True;False;False;True;False;False;False;False;True;True;False;False;False;False;False;False;False;True;False;True;True;True;True;True;True;True;True;True;True;True;False;True;True;True;False;True;True;False;False;True;False;True;False;False;True;False;True;False;False;False;False;False;False;False;True
2014;SINASC;False;False;True;True;False;False;False;False;False;False;False;False;False;False;True;False;True;False;False;True;True;False;True;True;True;True;False;True;True;True;True;False;True;False;False;False;False;True;False;True;True;False;True;False;True;False;True;False;False;False;True;True;True;False;False;True;False;False;False;False;False;True;True;True;False;False;True;True;True;True;False;False;False;False;False;True;False;True;False;False;True;False;False;False;False;True;False;False;False;False;False;False;False;False;True;True;True;True;True;True;True;True;True;True;True;False;True;False;True;True;True;False;True;True;False;False;True;False;True;True;True;True;False;True;False;False;False;False;True;False;False;True
2015;SINASC;False;False;True;True;False;False;False;False;False;False;False;False;False;False;True;False;True;False;False;True;True;False;True;True;True;True;False;True;True;True;True;False;True;False;False;False;False;True;False;True;True;False;True;False;True;False;True;False;False;False;True;True;True;False;False;True;False;False;False;False;False;True;True;True;False;False;True;True;True;True;False;False;False;False;False;True;False;True;False;False;True;False;False;False;False;True;False;False;False;False;False;False;False;False;True;True;True;True;True;True;True;True;True;True;True;False;True;False;True;True;True;False;True;True;False;False;True;False;True;True;True;True;False;True;False;False;False;False;True;False;False;True
2016;SINASC;False;False;True;True;False;False;False;False;False;False;False;False;False;False;True;False;True;False;False;True;True;False;True;True;True;True;False;True;True;True;True;False;True;False;False;False;False;True;False;True;True;False;True;False;True;False;True;False;False;False;True;True;True;False;False;True;False;False;False;False;False;True;True;True;False;False;True;True;True;True;False;False;False;False;False;True;False;True;False;False;True;False;False;False;False;True;False;False;False;False;False;False;False;False;True;True;True;True;True;True;True;True;True;True;True;False;True;False;True;True;True;False;True;True;False;False;True;False;True;True;True;True;False;True;False;False;False;False;True;False;False;True
2017;SINASC;False;False;True;True;False;False;False;False;False;False;False;False;False;False;True;False;True;False;False;True;True;False;True;True;True;True;False;True;True;True;True;False;True;False;False;False;False;True;False;True;True;False;True;False;True;False;True;False;False;False;True;True;True;False;False;True;False;False;False;False;False;True;True;True;False;False;True;True;True;True;False;False;False;False;False;True;False;True;False;False;True;False;False;False;False;True;False;False;False;False;False;False;False;False;True;True;True;True;True;True;True;True;True;True;True;False;True;False;True;True;True;False;True;True;False;False;True;False;True;True;True;True;False;True;False;False;False;False;True;False;False;True
2018;SINASC;False;False;True;True;False;False;False;False;False;False;False;False;False;False;True;False;True;False;False;True;True;False;True;True;True;True;False;True;True;True;True;False;True;False;False;False;False;True;False;True;True;False;True;False;True;False;True;False;False;False;True;True;True;False;False;True;False;False;False;False;False;True;True;True;False;False;True;True;True;True;False;False;False;False;False;True;False;True;False;False;True;False;False;False;False;True;False;False;False;False;False;False;False;False;True;True;True;True;True;True;True;True;True;True;True;False;True;False;True;True;True;False;True;True;False;False;True;False;True;True;True;True;False;True;False;False;False;False;True;False;False;True
2019;SINASC;False;False;True;True;False;False;False;False;False;False;False;False;False;False;True;False;True;False;False;True;True;False;True;True;True;True;False;True;True;True;True;False;True;False;False;False;False;True;False;True;True;False;True;False;True;False;True;False;False;False;True;True;True;False;False;True;False;False;False;False;False;True;True;True;False;False;True;True;True;True;False;False;False;False;False;True;False;True;False;False;True;False;False;False;False;True;False;False;False;False;False;False;False;False;True;True;True;True;True;True;True;True;True;True;True;False;True;False;True;True;True;False;True;True;False;False;True;False;True;True;True;True;False;True;False;False;False;False;True;False;False;True
2020;SINASC;False;False;True;True;False;False;False;False;False;False;False;False;False;False;True;False;True;False;False;True;True;False;True;True;True;True;False;True;True;True;True;False;True;False;False;False;False;True;False;True;True;False;True;False;True;False;True;False;False;False;True;True;True;False;False;True;False;False;False;False;False;True;True;True;False;False;True;True;True;True;False;False;False;False;False;True;False;True;False;False;True;False;False;False;False;True;False;False;False;False;False;False;False;False;True;True;True;True;True;True;True;True;True;True;True;False;True;False;True;True;True;False;True;True;False;False;True;False;True;True;True;True;False;True;False;False;False;False;True;False;False;True
2021;SINASC;False;False;True;True;False;False;False;False;False;False;False;False;False;False;True;False;True;False;False;True;True;False;True;True;True;True;False;True;True;True;True;False;True;False;False;False;False;True;False;True;True;False;True;False;True;False;True;False;False;False;True;True;True;False;False;True;False;False;False;False;False;True;True;True;False;False;True;True;True;True;False;False;False;False;False;True;False;True;False;False;True;False;False;False;False;True;False;False;False;False;False;False;False;False;True;True;True;True;True;True;True;True;True;True;True;False;True;False;True;True;True;False;True;True;False;False;True;False;True;True;True;True;False;True;False;False;False;False;True;False;False;True
2022;SINASC;False;False;True;True;False;False;False;False;False;False;False;False;False;False;True;False;True;False;False;True;True;False;True;True;True;True;False;True;True;True;True;False;True;False;False;False;False;True;False;True;True;False;True;False;True;False;True;False;False;False;True;True;True;False;False;True;False;False;False;False;False;True;True;True;False;False;True;True;True;True;False;False;False;False;False;True;False;True;False;False;True;False;False;False;False;True;False;False;False;False;False;False;False;False;True;True;True;True;True;True;True;True;True;True;True;False;True;False;True;True;True;False;True;True;False;False;True;False;True;True;True;True;False;True;False;False;False;False;True;False;False;True
2023;SINASC;False;False;True;True;False;False;False;False;False;False;False;False;False;False;True;False;True;False;False;True;True;False;True;True;True;True;False;True;True;True;True;False;True;False;False;False;False;True;False;True;True;False;True;False;True;False;True;False;False;False;True;True;True;False;False;True;False;False;False;False;False;True;True;True;False;False;True;True;True;True;False;False;False;False;False;True;False;True;False;False;True;False;False;False;False;True;False;False;False;False;False;False;True;False;True;True;True;True;True;True;True;True;True;True;True;False;True;False;True;True;True;False;True;True;False;False;True;False;True;True;True;True;False;True;False;False;False;False;True;False;False;True
